Workbook

Sheet Hoja2
A2: 17993082
A3: 13019098
A4: 10980475
A5: 10235507
A6: 14702163
A7: 15523553
A8: 11471954
A9: 12379177
A10: 11464736
A11: 11446874
A12: 13186732
A13: 12168387
... A28: 14937506

Sheet Hoja1
A1: CU | B1: CODUNICO | C1: Documento | D1: Nombre Cliente | E1: Analista | F1: Calificación | G1: Observaciones | H1: nueva calificación | I1: SCORE | J1: VALOR | K1: RANGO | L1: Max Fecha alerta
A2: 17993082 | B2: 17993082 | C2: 72657054 | D2: DIAZ RUBIO CARLOS MARTIN ALEJANDRO | E2: Michael Pinillos | F2: SIN RIESGO | G2: ROS reciente | H2: Con riesgo | I2: 0.9979048 | J2: 1 | K2: 1 | L2: =VLOOKUP(B2,Hoja3!$B$2:$C$30,2,FALSE) -> 2026-06
A3: 13019098 | B3: 13019098 | C3: 9663930 | D3: CORTEZ GALVEZ RUDY MADELEINE | E3: Carolina Aranda | F3: CON RIESGO | G3: ampliación de ROS | H3: Con riesgo | I3: 0.9978382 | J3: 2 | K3: 1 | L3: =VLOOKUP(B3,Hoja3!$B$2:$C$30,2,FALSE) -> 2025-07
A4: 14392145 | B4: 14392145 | C4: 43164623 | D4: ARANDA ROMERO MANUEL ROGER | E4: David Solano | F4: Con Riesgo | G4: Ferretero | H4: Con riesgo | I4: 0.9974474 | J4: 3 | K4: 1
A5: 15085930 | B5: 15085930 | C5: 73873021 | D5: RAMOS CASTAÑEDA MARY JHOSSELYN | E5: Lorena Hidalgo | F5: Sin riesgo | G5: Comunero de Llacuabamba | H5: Sin riesgo | I5: 0.997156 | J5: 4 | K5: 1
A6: 10980475 | B6: 10980475 | C6: 43589523 | D6: PEREZ CUZCANO EVELYN MARLENE | E6: Michael Pinillos | F6: SIN RIESGO | G6: Reportado en el último semestre | H6: Con riesgo | I6: 0.9968352 | J6: 5 | K6: 1 | L6: =VLOOKUP(B6,Hoja3!$B$2:$C$30,2,FALSE) -> 2026-03
A7: 16524108 | B7: 16524108 | C7: 19434571 | D7: ALVAREZ ASPIROS FIDELA ROSA | E7: Lorena Hidalgo | F7: Con riesgo | H7: Con riesgo | I7: 0.99667126 | J7: 6 | K7: 1
A8: 12171100 | B8: 12171100 | C8: 42568498 | D8: AYALA SANCHEZ ANIBAL JHON | E8: Alessander Montañez | F8: Sin Riesgo | H8: Sin riesgo | I8: 0.99658513 | J8: 7 | K8: 1
A9: 13148913 | B9: 13148913 | C9: 43713325 | D9: HENRIQUEZ VASQUEZ NEDER JOSE | E9: Juan Scudellari | F9: SIN RIESGO | H9: Sin riesgo | I9: 0.99658114 | J9: 8 | K9: 1
A10: 16040595 | B10: 16040595 | C10: 45863703 | D10: FLORES ESCALANTE BRAYAN LEONEL | E10: Juan Scudellari | F10: CON RIESGO | H10: Con riesgo | I10: 0.99650097 | J10: 9 | K10: 1
A11: 15216217 | B11: 15216217 | C11: 75385218 | D11: RODRIGUEZ PAREDES DEYSON MIGUEL | E11: Lorena Hidalgo | F11: Sin riesgo | G11: Comunero de Llacuabamba | H11: Sin riesgo | I11: 0.99638283 | J11: 10 | K11: 1
A12: 10235507 | B12: 10235507 | C12: 25132757 | D12: QUISPE LAURA ALEJO | E12: Angie Mendoza | F12: SIN RIESGO | G12: Reportado 202604 | H12: Con riesgo | I12: 0.9961641 | J12: 11 | K12: 1 | L12: =VLOOKUP(B12,Hoja3!$B$2:$C$30,2,FALSE) -> 2026-05
A13: 14702163 | B13: 14702163 | C13: 41234823 | D13: ALVAREZ PAITAMPOMA CHRISTIAN ROBERTO | E13: Juan Scudellari | F13: SIN RIESGO | G13: Reportado en los últimos 6 meses | H13: Con riesgo | I13: 0.9960377 | J13: 12 | K13: 1 | L13: =VLOOKUP(B13,Hoja3!$B$2:$C$30,2,FALSE) -> 2025-10
A14: 15523553 | B14: 15523553 | C14: 48480849 | D14: OLORTEGUI GUEVARA JOSEF ANTONIO | E14: Juan Scudellari | F14: SIN RIESGO | G14: Tiene caso en proceso | H14: Con riesgo | I14: 0.99600214 | J14: 13 | K14: 1 | L14: =VLOOKUP(B14,Hoja3!$B$2:$C$30,2,FALSE) -> 2026-03
A15: 16550769 | B15: 16550769 | C15: 45992241 | D15: BALLENA ARAUJO WALTER NICOLAS | E15: Lorena Hidalgo | F15: Con riesgo | H15: Con riesgo | I15: 0.9958781 | J15: 14 | K15: 1
A16: 14048264 | B16: 14048264 | C16: 48126120 | D16: ROJAS ANAMPA MAYKOL DENIS | E16: David Solano | F16: Sin Riesgo | G16: Comunero Llacuabamba | H16: Sin riesgo | I16: 0.99580365 | J16: 15 | K16: 2
A17: 11471954 | B17: 11471954 | C17: 44337189 | D17: ESPEJO HERRERA EDUARDO JOSE | E17: Alessander Montañez | F17: CON RIESGO | G17: CLIENTE EN COLA DE DESVINCULACION | H17: Con riesgo | I17: 0.9955226 | J17: 16 | K17: 2 | L17: =VLOOKUP(B17,Hoja3!$B$2:$C$30,2,FALSE) -> 2025-10
A18: 11816818 | B18: 11816818 | C18: 45474845 | D18: ZELADA YANTAS KAROLI JESMY | E18: Alessander Montañez | F18: Sin Riesgo | H18: Sin riesgo | I18: 0.9954964 | J18: 17 | K18: 2
A19: 10715430 | B19: 10715430 | C19: 24707752 | D19: CRUZ CASTAÑEDA CELIA MARY LUZ | E19: Angie Mendoza | F19: CON RIESGO | H19: Con riesgo | I19: 0.99548364 | J19: 18 | K19: 2
A20: 12799861 | B20: 12799861 | C20: 44792378 | D20: ORTIZ PINEDA JUAN ANTONIO | E20: Carolina Aranda | F20: CON RIESGO | G20: contraparte reportada | H20: Con riesgo | I20: 0.9953974 | J20: 19 | K20: 2
A21: 12379177 | B21: 12379177 | C21: 45039716 | D21: PEREZ QUISPE EFRAIN | E21: Michael Pinillos | F21: SIN RIESGO | G21: Cliente con caso en Investigación | H21: Con riesgo | I21: 0.9953484 | J21: 20 | K21: 2 | L21: =VLOOKUP(B21,Hoja3!$B$2:$C$30,2,FALSE) -> 2026-06
A22: 9403557 | B22: 9403557 | C22: 40194046 | D22: GONZALEZ DEL AGUILA LUIS DAVID | E22: Juan Scudellari | F22: CON RIESGO | H22: Con riesgo | I22: 0.99530584 | J22: 21 | K22: 2
A23: 10201670 | B23: 10201670 | C23: 41468927 | D23: DOMINGUEZ LOPEZ ISELA CARMEN | E23: Angie Mendoza | F23: SIN RIESGO | H23: Sin riesgo | I23: 0.9951905 | J23: 22 | K23: 2
A24: 14220569 | B24: 14220569 | C24: 76880862 | D24: QUISPE SANTOS JHENYFER PAOLA | E24: Michael Pinillos | F24: CON RIESGO | H24: Con riesgo | I24: 0.9951106 | J24: 23 | K24: 2
A25: 19934106 | B25: 19934106 | C25: 800962 | D25: PEREZ TAFUR DE LOPEZ MARIESTHER CAROLINA | E25: Michael Pinillos | F25: SIN RIESGO | H25: Sin riesgo | I25: 0.9950001 | J25: 24 | K25: 2
A26: 11464736 | B26: 11464736 | C26: 40903456 | D26: OYARCE VENAUTE SANDRA YOBANA | E26: Michael Pinillos | F26: SIN RIESGO | G26: Recientemente reportado | H26: Con riesgo | I26: 0.9949151 | J26: 25 | K26: 2 | L26: =VLOOKUP(B26,Hoja3!$B$2:$C$30,2,FALSE) -> 2025-10
A27: 11848931 | B27: 11848931 | C27: 45160276 | D27: LUNA MORALES JOSE LUIS | E27: Alessander Montañez | F27: CON RIESGO | H27: Con riesgo | I27: 0.9948985 | J27: 26 | K27: 2
A28: 11446874 | B28: 11446874 | C28: 45516204 | D28: HUAYNATE ALVARO POOL JOSHI | E28: Alessander Montañez | F28: CON RIESGO | G28: CLIENTE EN COLA DE DESVINCULACION | H28: Con riesgo | I28: 0.99481946 | J28: 27 | K28: 3 | L28: =VLOOKUP(B28,Hoja3!$B$2:$C$30,2,FALSE) -> 2026-06
A29: 12305875 | B29: 12305875 | C29: 45137638 | D29: MARGARIN CASTAÑEDA WALDY ELIFIO | E29: Alessander Montañez | F29: Sin Riesgo | H29: Sin riesgo | I29: 0.99480927 | J29: 28 | K29: 3
A30: 13186732 | B30: 13186732 | C30: 22098455 | D30: HUAMANI CACERES NIDIA BEATRIZ | E30: Carolina Aranda | F30: CON RIESGO | G30: ampliación de ROS | H30: Con riesgo | I30: 0.9946702 | J30: 29 | K30: 3 | L30: =VLOOKUP(B30,Hoja3!$B$2:$C$30,2,FALSE) -> 2025-07
A31: 10815398 | B31: 10815398 | C31: 42944338 | D31: HUAQUI RAMOS ROSI ALVINA | E31: Angie Mendoza | F31: CON RIESGO | H31: Con riesgo | I31: 0.99464095 | J31: 30 | K31: 3
A32: 13220742 | B32: 13220742 | C32: 19420648 | D32: MORILLO GUILLEN ALFONSO | E32: Carolina Aranda | F32: Sin Riesgo | G32: Comunero llacuabamba | H32: Sin riesgo | I32: 0.99454135 | J32: 31 | K32: 3
A33: 10978185 | B33: 10978185 | C33: 43543736 | D33: AVILES AVILA CHRISTIAN ENRIQUEZ | E33: Angie Mendoza | F33: SIN RIESGO | H33: Sin riesgo | I33: 0.9944825 | J33: 32 | K33: 3
A34: 10763695 | B34: 10763695 | C34: 41808068 | D34: ZACONETTY LOJA EDGAR ANTONIO | E34: Angie Mendoza | F34: CON RIESGO | H34: Con riesgo | I34: 0.99444807 | J34: 33 | K34: 3
A35: 18432108 | B35: 18432108 | C35: 71345537 | D35: PUMA YUCRA FELIX WILFREDO | E35: Michael Pinillos | F35: SIN RIESGO | H35: Sin riesgo | I35: 0.99442756 | J35: 34 | K35: 3
A36: 12168387 | B36: 12168387 | C36: 70477161 | D36: BAUTISTA FLORIAN JORGE JOEL | E36: Alessander Montañez | F36: Sin Riesgo | G36: Reportado en 2026-06 | H36: Con riesgo | I36: 0.9944022 | J36: 35 | K36: 3 | L36: =VLOOKUP(B36,Hoja3!$B$2:$C$30,2,FALSE) -> 2026-01
A37: 13198922 | B37: 13198922 | C37: 47259291 | D37: ACUÑA BOCANEGRA KARLA FIORELLY | E37: Carolina Aranda | F37: Sin Riesgo | G37: Comunero llacuabamba | H37: Sin riesgo | I37: 0.9943346 | J37: 36 | K37: 3
A38: 13142121 | B38: 13142121 | C38: 19419239 | D38: SAAVEDRA CASTAÑEDA HERNAN | E38: Carolina Aranda | F38: CON RIESGO | G38: Comunero llacuabamba que recibe ingresos relevantes de contraparte reportada en 2026 | H38: Con riesgo | I38: 0.9943334 | J38: 37 | K38: 3
A39: 20944140 | B39: 20944140 | C39: 20604544719 | D39: IBVC PERU S.A.C. | E39: Juan Scudellari | F39: SIN RIESGO | H39: Sin riesgo | I39: 0.9943032 | J39: 38 | K39: 3
A40: 13199373 | B40: 13199373 | C40: 19419299 | D40: VILLANUEVA SILVA ELIAS | E40: Michael Pinillos | F40: SIN RIESGO | G40: Cliente con caso en Investigación | H40: Con riesgo | I40: 0.9942849 | J40: 39 | K40: 4 | L40: =VLOOKUP(B40,Hoja3!$B$2:$C$30,2,FALSE) -> 2026-01
A41: 11963381 | B41: 11963381 | C41: 43995142 | D41: SICCHA PEÑA DENIS REYNALDO | E41: Alessander Montañez | F41: Sin Riesgo | H41: Sin riesgo | I41: 0.9942532 | J41: 40 | K41: 4
A42: 10017234 | B42: 10017234 | C42: 43096318 | D42: VILLARREAL GUTIERREZ KAROL MARIE | E42: Angie Mendoza | F42: CON RIESGO | H42: Con riesgo | I42: 0.99423224 | J42: 41 | K42: 4
A43: 14715752 | B43: 14715752 | C43: 73309408 | D43: ESTRADA CASTAÑEDA RICHARD GAYEQUER | E43: David Solano | F43: Sin Riesgo | G43: Comunero Llacuabamba | H43: Sin riesgo | I43: 0.9942227 | J43: 42 | K43: 4
A44: 13632599 | B44: 13632599 | C44: 47715180 | D44: CASTAÑEDA TERRONES TEODORO | E44: Carolina Aranda | F44: Sin Riesgo | G44: Comunero llacuabamba | H44: Sin riesgo | I44: 0.9941842 | J44: 43 | K44: 4
A45: 9436194 | B45: 9436194 | C45: 41339966 | D45: MELENDEZ ARISTA GEIDY | E45: Juan Scudellari | F45: SIN RIESGO | G45: Tenia caso en proceso | H45: Con riesgo | I45: 0.99402374 | J45: 44 | K45: 4 | L45: =VLOOKUP(B45,Hoja3!$B$2:$C$30,2,FALSE) -> 2025-12
A46: 11513557 | B46: 11513557 | C46: 16663376 | D46: LOZANO SAAVEDRA AGUSTIN | E46: Alessander Montañez | F46: Sin Riesgo | G46: Cliente reportado en 2026-03 | H46: Con riesgo | I46: 0.99400455 | J46: 45 | K46: 4 | L46: =VLOOKUP(B46,Hoja3!$B$2:$C$30,2,FALSE) -> 2026-05
A47: 18569636 | B47: 18569636 | C47: 75908096 | D47: FLORES MEDINA KEREN DAYANA | E47: Juan Scudellari | F47: CON RIESGO | H47: Con riesgo | I47: 0.99398816 | J47: 46 | K47: 4
A48: 11932898 | B48: 11932898 | C48: 73530014 | D48: GUILLEN ACUÑA INGRID DEL ROSARIO | E48: Alessander Montañez | F48: Sin Riesgo | H48: Sin riesgo | I48: 0.9939521 | J48: 47 | K48: 4
A49: 15681866 | B49: 15681866 | C49: 42762970 | D49: ROMERO GOMEZ DAVID ERASMO | E49: Juan Scudellari | F49: SIN RIESGO | G49: Tiene caso en proceso | H49: Con riesgo | I49: 0.9939177 | J49: 48 | K49: 4 | L49: =VLOOKUP(B49,Hoja3!$B$2:$C$30,2,FALSE) -> 2026-05
A50: 10051083 | B50: 10051083 | C50: 49087016 | D50: COLINA CESAR CESAR | E50: Angie Mendoza | F50: CON RIESGO | H50: Con riesgo | I50: 0.9938957 | J50: 49 | K50: 4
A51: 12174543 | B51: 12174543 | C51: 42924249 | D51: VALENTIN JESUS ELSA MARGOT | E51: Alessander Montañez | F51: Sin Riesgo | H51: Sin riesgo | I51: 0.99383754 | J51: 50 | K51: 4
A52: 18684512 | B52: 18684512 | C52: 43952342 | D52: HERNANDEZ TRONCOSO LUIGGI ALEXIS | E52: Michael Pinillos | F52: SIN RIESGO | G52: Registra una sola operación de PEN750 como ejecutante, no debería generar alerta | H52: Con riesgo | I52: 0.9937913 | J52: 51 | K52: 5
A53: 10266566 | B53: 10266566 | C53: 45311344 | D53: SUAREZ RIOS SORAYDA | E53: Angie Mendoza | F53: SIN RIESGO | H53: Sin riesgo | I53: 0.99375206 | J53: 52 | K53: 5
A54: 9913858 | B54: 9913858 | C54: 18197071 | D54: RUBIO MARCOVICH ISMAEL | E54: Angie Mendoza | F54: CON RIESGO | H54: Con riesgo | I54: 0.99370813 | J54: 53 | K54: 5
A55: 15092682 | B55: 15092682 | C55: 46833461 | D55: AGUILAR CALDERON PASCUAL | E55: Juan Scudellari | F55: SIN RIESGO | G55: Reportado en los últimos 6 meses | H55: Con riesgo | I55: 0.99369264 | J55: 54 | K55: 5 | L55: =VLOOKUP(B55,Hoja3!$B$2:$C$30,2,FALSE) -> 2025-10
A56: 16479861 | B56: 16479861 | C56: 44221680 | D56: VILLANUEVA TORREALVA DANILO CALIN | E56: Lorena Hidalgo | F56: Sin riesgo | G56: Cliente reportado en abr26 | H56: Con riesgo | I56: 0.9935608 | J56: 55 | K56: 5 | L56: =VLOOKUP(B56,Hoja3!$B$2:$C$30,2,FALSE) -> 2026-02
A57: 16461280 | B57: 16461280 | C57: 43467135 | D57: LLAMOCCA QUISPE RAFAEL ANGEL | E57: Lorena Hidalgo | F57: Sin riesgo | H57: Sin riesgo | I57: 0.993518 | J57: 56 | K57: 5
A58: 11571101 | B58: 11571101 | C58: 18027392 | D58: ZEGARRA CHAVEZ GASPAR ALEXANDER | E58: Alessander Montañez | F58: Con Riesgo | G58: Sin casos ni alertas previas | H58: Con riesgo | I58: 0.9934551 | J58: 57 | K58: 5
A59: 12679034 | B59: 12679034 | C59: 20415916 | D59: GARAY MARTINEZ NELIDA | E59: Carolina Aranda | F59: CON RIESGO | G59: venta de papa sin sustentos | H59: Con riesgo | I59: 0.9934388 | J59: 58 | K59: 5
A60: 19136668 | B60: 19136668 | C60: 18109513 | D60: ESPEJO DIAZ OLGA LILIANA | E60: Juan Scudellari | F60: CON RIESGO | H60: Con riesgo | I60: 0.9933789 | J60: 59 | K60: 5
A61: 17021188 | B61: 17021188 | C61: 48479292 | D61: RAMIREZ ECHEGARAY CALLY CRISTOPHER | E61: Lorena Hidalgo | F61: Sin riesgo | G61: Cliente sin operativa | H61: Sin riesgo | I61: 0.9933745 | J61: 60 | K61: 5
A62: 10098510 | B62: 10098510 | C62: 80633903 | D62: RODRIGUEZ PALACIOS FRANCISCO | E62: Michael Pinillos | F62: CON RIESGO | H62: Con riesgo | I62: 0.9933634 | J62: 61 | K62: 5
A63: 14268258 | B63: 14268258 | C63: 43538302 | D63: CASTAÑEDA RAMOS WILIAN EYNE | E63: David Solano | F63: Sin Riesgo | G63: Comunero Llacuabamba | H63: Sin riesgo | I63: 0.9932719 | J63: 62 | K63: 5
A64: 13479713 | B64: 13479713 | C64: 46901785 | D64: MEZA PAREDES WILSON LUIS | E64: Carolina Aranda | F64: Sin Riesgo | G64: Comunero llacuabamba, ROS, caso revisado en marzo 2026 | H64: Con riesgo | I64: 0.9932695 | J64: 63 | K64: 6
A65: 13443252 | B65: 13443252 | C65: 42468680 | D65: VILLANUEVA TORRES FRANK ELEAZAR | E65: Carolina Aranda | F65: CON RIESGO | G65: Comunero llacuabamba que recibe ingresos de terceros | H65: Con riesgo | I65: 0.9931946 | J65: 64 | K65: 6
A66: 14767706 | B66: 14767706 | C66: 46701840 | D66: SILVA HENRIQUEZ SARITA YOVANY | E66: Juan Scudellari | F66: CON RIESGO | H66: Con riesgo | I66: 0.99316496 | J66: 65 | K66: 6
A67: 15720257 | B67: 15720257 | C67: 3687928 | D67: GUTIERREZ BECERRA OLGA LIDIA | E67: Juan Scudellari | F67: SIN RIESGO | H67: Sin riesgo | I67: 0.99304914 | J67: 66 | K67: 6
A68: 14000969 | B68: 14000969 | C68: 73873022 | D68: RAMOS CASTAÑEDA ZARELA | E68: Carolina Aranda | F68: Sin Riesgo | G68: Comunero llacuabamba | H68: Sin Riesgo | I68: 0.9930314 | J68: 67 | K68: 6
A69: 11073592 | B69: 11073592 | C69: 40669161 | D69: REYES MORALES RODA HERMINIA DEL PILAR | E69: Michael Pinillos | F69: SIN RIESGO | G69: Recientemente reportado | H69: Con riesgo | I69: 0.99292576 | J69: 68 | K69: 6 | L69: =VLOOKUP(B69,Hoja3!$B$2:$C$30,2,FALSE) -> 2026-06
A70: 14747810 | B70: 14747810 | C70: 73249759 | D70: ANDRADE LOCK BETSY WEN | E70: David Solano | F70: Sin Riesgo | G70: Cliente select, con cuentas mancomuna, empresario, alto nivel de endeudamiento en sentinel | H70: Sin riesgo | I70: 0.9928772 | J70: 69 | K70: 6
A71: 9889574 | B71: 9889574 | C71: 1320989 | D71: GALVEZ CONDORI WALTER SALVADOR | E71: Angie Mendoza | F71: SIN RIESGO | G71: Caso en curso - ROS | H71: Con riesgo | I71: 0.99284744 | J71: 70 | K71: 6 | L71: =VLOOKUP(B71,Hoja3!$B$2:$C$30,2,FALSE) -> 2026-01
A72: 13593994 | B72: 13593994 | C72: 43868693 | D72: PEREZ VILLENA SHANTY MONICA | E72: Michael Pinillos | F72: SIN RIESGO | H72: Sin riesgo | I72: 0.9928469 | J72: 71 | K72: 6
A73: 13222658 | B73: 13222658 | C73: 47072748 | D73: ZALDAÑA BERMUDEZ CLEVER ISAIAS | E73: Carolina Aranda | F73: CON RIESGO | G73: ampliación de ROS | H73: Con riesgo | I73: 0.9927166 | J73: 72 | K73: 6 | L73: =VLOOKUP(B73,Hoja3!$B$2:$C$30,2,FALSE) -> 2024-12
A74: 13871357 | B74: 13871357 | C74: 7512823 | D74: ZUMARAN ZUMARAN JOSE CARLOS | E74: Carolina Aranda | F74: Sin Riesgo | G74: Cliente revisado en enero 2026 por caso | H74: Sin riesgo | I74: 0.9926762 | J74: 73 | K74: 6 | L74: =VLOOKUP(B74,Hoja3!$B$2:$C$30,2,FALSE) -> 2025-09
A75: 13412466 | B75: 13412466 | C75: 19562043 | D75: RUBIO ROMERO ROSSLY | E75: Michael Pinillos | F75: SIN RIESGO | H75: Sin riesgo | I75: 0.99240464 | J75: 74 | K75: 6
A76: 22066024 | B76: 22066024 | C76: 45533796 | D76: MARCOS BRICEÑO SILVIA SOLEDAD | E76: Michael Pinillos | F76: SIN RIESGO | H76: Sin riesgo | I76: 0.9923649 | J76: 75 | K76: 7
A77: 13177837 | B77: 13177837 | C77: 19432897 | D77: DIAZ SAAVEDRA PETER WILSON | E77: Carolina Aranda | F77: Sin Riesgo | G77: Comunero llacuabamba | H77: Sin Riesgo | I77: 0.9921978 | J77: 76 | K77: 7
A78: 20194348 | B78: 20194348 | C78: 23861182 | D78: CHAMAN ARANA CELIA | E78: Juan Scudellari | F78: CON RIESGO | H78: Con riesgo | I78: 0.99215937 | J78: 77 | K78: 7
A79: 11851541 | B79: 11851541 | C79: 4828431 | D79: PEREZ VALER TORIBIO ERNESTO | E79: Alessander Montañez | F79: Sin Riesgo | G79: Reportado en 206-03 | H79: Con riesgo | I79: 0.9921334 | J79: 78 | K79: 7 | L79: =VLOOKUP(B79,Hoja3!$B$2:$C$30,2,FALSE) -> 2026-06
A80: 13969015 | B80: 13969015 | C80: 43362219 | D80: VARGAS FIGUEROA GIANFRANCO JOSE | E80: Carolina Aranda | F80: CON RIESGO | H80: Con riesgo | I80: 0.9920481 | J80: 79 | K80: 7
A81: 13321871 | B81: 13321871 | C81: 19422614 | D81: MARREROS SILVA CESAR LEONIDAS | E81: Carolina Aranda | F81: Sin Riesgo | G81: Comunero llacuabamba | H81: Sin Riesgo | I81: 0.99182713 | J81: 80 | K81: 7
A82: 14394370 | B82: 14394370 | C82: 43713333 | D82: CORONEL CURO EMEL MANUEL | E82: David Solano | F82: Sin Riesgo | G82: Cliente select, alta nivel de endeudamiento en sentinel | H82: Sin riesgo | I82: 0.9917259 | J82: 81 | K82: 7
A83: 13503798 | B83: 13503798 | C83: 42363768 | D83: HENRIQUEZ VASQUEZ WILSON FLORENCIO | E83: Carolina Aranda | F83: Sin Riesgo | G83: Comunero llacuabamba | H83: Sin Riesgo | I83: 0.9917014 | J83: 82 | K83: 7
A84: 16287434 | B84: 16287434 | C84: 47686389 | D84: CASTAÑEDA MUÑOZ MIGUEL ADRIAN | E84: Juan Scudellari | F84: SIN RIESGO | H84: Sin riesgo | I84: 0.9915495 | J84: 83 | K84: 7
A85: 12821037 | B85: 12821037 | C85: 48542083 | D85: SILVA MENDOZA EVERT | E85: Michael Pinillos | F85: SIN RIESGO | H85: Sin riesgo | I85: 0.99151576 | J85: 84 | K85: 7
A86: 14480952 | B86: 14480952 | C86: 73075472 | D86: CASTAÑEDA TOLENTINO RONALDO SANTOS | E86: David Solano | F86: Sin Riesgo | G86: Comunero Llacuabamba | H86: Sin Riesgo | I86: 0.99150157 | J86: 85 | K86: 7
A87: 13301031 | B87: 13301031 | C87: 45907318 | D87: GARCIA DIAZ JESUS ANGEL | E87: Carolina Aranda | F87: CON RIESGO | G87: Negocio de Venta de Combustible | H87: Con riesgo | I87: 0.9914916 | J87: 86 | K87: 7
A88: 7471808 | B88: 7471808 | C88: 32646641 | D88: HUERTA ALVARADO MASIAS ROGELIO | E88: Angie Mendoza | F88: SIN RIESGO | G88: Reportado 202603 | H88: Con riesgo | I88: 0.99132204 | J88: 87 | K88: 8 | L88: =VLOOKUP(B88,Hoja3!$B$2:$C$30,2,FALSE) -> 2026-03
A89: 10718445 | B89: 10718445 | C89: 25578246 | D89: CONDORI LAZO MAXIMILIANO | E89: Angie Mendoza | F89: CON RIESGO | H89: Con riesgo | I89: 0.9913134 | J89: 88 | K89: 8
A90: 10136950 | B90: 10136950 | C90: 44147841 | D90: ROSALES VASQUEZ JUAN CARLOS | E90: Angie Mendoza | F90: CON RIESGO | H90: Con riesgo | I90: 0.99129033 | J90: 89 | K90: 8
A91: 13511057 | B91: 13511057 | C91: 47352700 | D91: MENDOZA ACUÑA ALVARO CRISTINO | E91: Juan Scudellari | F91: SIN RIESGO | H91: Sin riesgo | I91: 0.9911969 | J91: 90 | K91: 8
A92: 12112890 | B92: 12112890 | C92: 40526934 | D92: HUAMAN COSTILLA EVELYN | E92: Alessander Montañez | F92: CON RIESGO | H92: Con riesgo | I92: 0.9910943 | J92: 91 | K92: 8
A93: 12113263 | B93: 12113263 | C93: 40657170 | D93: RAZZETO GUEVARA CHRISTIAN RAFAEL MORONI | E93: Alessander Montañez | F93: Sin Riesgo | H93: Sin riesgo | I93: 0.9910931 | J93: 92 | K93: 8
A94: 13357311 | B94: 13357311 | C94: 42084918 | D94: HUAYTA CANTORAL JACKQUELIN NOEMI | E94: Carolina Aranda | F94: CON RIESGO | H94: Con riesgo | I94: 0.9910479 | J94: 93 | K94: 8
A95: 12492940 | B95: 12492940 | C95: 46332152 | D95: JANCCO CASILLA CRISTOBAL | E95: Alessander Montañez | F95: Sin Riesgo | H95: Sin riesgo | I95: 0.9910364 | J95: 94 | K95: 8
A96: 13591528 | B96: 13591528 | C96: 16665984 | D96: VILLACRES BARON ZOILA ELIZABETH | E96: Michael Pinillos | F96: SIN RIESGO | H96: Sin riesgo | I96: 0.99093866 | J96: 95 | K96: 8
A97: 9179543 | B97: 9179543 | C97: 10475606 | D97: ROBLES GUTARRA EVELYN ADRIANA | E97: Juan Scudellari | F97: CON RIESGO | H97: Con riesgo | I97: 0.9908828 | J97: 96 | K97: 8
A98: 17713468 | B98: 17713468 | C98: 10176157 | D98: GALVEZ RODRIGUEZ ANGELICA | E98: Lorena Hidalgo | F98: Sin riesgo | H98: Sin riesgo | I98: 0.9906358 | J98: 97 | K98: 8
A99: 12191082 | B99: 12191082 | C99: 47635970 | D99: ALCOCER MEZA GRICELL | E99: Alessander Montañez | F99: CON RIESGO | H99: Con riesgo | I99: 0.99059427 | J99: 98 | K99: 8
A100: 19304544 | B100: 19304544 | C100: 72665297 | D100: SAPACAYO USCAMAYTA MARIA DEL CARMEN | E100: Juan Scudellari | F100: SIN RIESGO | G100: Revisar este caso, pues el cliente no registraba operativa. Se saco journal por fuera y tampoco se identificó nada. | H100: Sin riesgo | I100: 0.9905894 | J100: 99 | K100: 9
...

Sheet Hoja3
A1: codunico | B1: periodo
A2: # | B2: codunico | C2: periodo
A3: 1 | B3: 12168387 | C3: 2026-01
A4: 2 | B4: 9436194 | C4: 2025-12
A5: 3 | B5: 11851541 | C5: 2026-06
A6: 4 | B6: 11767818 | C6: 2025-10
A7: 5 | B7: 14937506 | C7: 2025-08
A8: 6 | B8: 13871357 | C8: 2025-09
A9: 7 | B9: 10235507 | C9: 2026-05
A10: 8 | B10: 13199373 | C10: 2026-01
A11: 9 | B11: 11464736 | C11: 2025-10
A12: 10 | B12: 16479861 | C12: 2026-02
A13: 11 | B13: 15458852 | C13: 2026-02
A14: 12 | B14: 15681866 | C14: 2026-05
... A30: 28 | B30: 10980475 | C30: 2026-03
